{
    "templeArray" : [    
        {
            "templeName": "Bountiful Utah Temple",
            "location": "Bountiful, Utah, United States",
            "dedicated": "8 January 1995",
            "imageUrl": "https://content.churchofjesuschrist.org/templesldsorg/bc/Temples/photo-galleries/bountiful-utah/1280x800/bountiful-temple-766347-wallpaper.jpg",
            "address": ["640 S Bountiful Blvd", "Bountiful UT 84010-1394", "United States"],
            "phone": "801-296-2100",
            "email": "bountifultemple",
            "schedOrd": ["1:00 PM", "2:00 PM", "3:00 PM", "4:00 PM", "5:00 PM", "6:00 PM", "7:00 PM", "8:00 PM" ],
            "schedSess": ["6:00 AM", "7:00 AM", "8:00 AM", "9:00 AM", "10:00 AM", "11:00 AM", "12:00 PM", "1:00 PM" ],
            "schedClosures": ["Monday, 4 April 2022 - Monday, 18 April 2022", "Saturday, 2 July 2022", "Saturday, 23 July 2022", 
                "Monday, 19 September 2022 - Monday, 3 October 2022", "Wednesday, 23 November 2022 - Thursday, 24 November 2022",
                "Friday, 23 December 2022 - Saturday, 24 December 2022", "Saturday, 31 December 2022"],
            "services": ["Clothing rental", "Distribution Center"],
            "milestones": ["2 February 1990 - Announced", "2 May 1992 - Groundbreaking", "8 January 1995 - Dedicated"]
        },
        {
            "templeName": "Brigham City Utah Temple",
            "location": "Brigham City, Utah, United States",
            "dedicated": "23 September 2012",
            "imageUrl": "https://assets.ldscdn.org/93/92/9392e6adee3d1aa025548de1a852a27ad8ea40f4/brigham_city_utah_temple_dawn.jpeg",
            "address": ["250 S Main St", "Brigham City UT 84302-2560", "United States"],
            "phone": "435-695-2170",
            "email": "brighamcitytemple",
            "schedOrd": ["6:00 AM", "7:00 AM", "8:00 AM", "9:00 AM", "10:00 AM", "11:00 AM", "12:00 PM", "1:00 PM" ],
            "schedSess": ["1:00 PM", "2:00 PM", "3:00 PM", "4:00 PM", "5:00 PM", "6:00 PM", "7:00 PM", "8:00 PM" ],
            "schedClosures": ["Monday, 8 August 2022 - Monday, 22 August 2022", "Friday, 9 September 2022 (Limited Operations)",
                "Saturday, 10 September 2022", "Saturday, 1 October 2022", "Wednesday, 23 November 2022 (Limited Operations)",
                "Thursday, 24 November 2022", "Saturday, 24 December 2022", "Saturday, 31 December 2022 (Limited Operations)"],
            "services": ["Distribution Center"],
            "milestones": ["3 October 2009 - Announced", "31 July 2010 - Groundbreaking", "23 September 2012 - Dedicated"]
        },
        {
            "templeName": "Cedar City Utah Temple",
            "location": "Cedar City, Utah, United States",
            "dedicated": "10 December 2017",
            "imageUrl": "https://assets.ldscdn.org/b2/89/b2891eb1787414ec6995a32c42d03981732c2d6a/cedar_city_utah_temple_exterior.jpeg",
            "address": ["280 South Cove Dr", "Cedar City UT 84720", "United States"],
            "phone": "435-572-4150",
            "email": "cedarcitytemple",
            "schedOrd": ["1:00 PM", "2:00 PM", "3:00 PM", "4:00 PM", "5:00 PM", "6:00 PM", "7:00 PM", "8:00 PM" ],
            "schedSess": ["6:00 AM", "7:00 AM", "8:00 AM", "9:00 AM", "10:00 AM", "11:00 AM", "12:00 PM", "1:00 PM" ],
            "schedClosures": ["Monday, 11 April 2022 - Monday, 25 April 2022", "Saturday, 1 October 2022", 
                "Monday, 10 October 2022 - Monday, 24 October 2022", "Wednesday, 23 November 2022 - Thursday, 24 November 2022",
                "Saturday, 24 December 2022 - Sunday, 25 December 2022", "Saturday, 31 December 2022 - Sunday, 1 January 2023"],
            "services": ["Clothing Rental", "Distribution Center"],
            "milestones": ["6 April 2013 - Announced", "8 August 2015 - Groundbreaking", "10 December 2017 - Dedicated"]
        },
        {
            "templeName": "Draper Utah Temple",
            "location": "Draper, Utah, United States",
            "dedicated": "20 March 2009",
            "imageUrl": "https://assets.ldscdn.org/9d/dc/9ddc03f577e4395b3408d00dcc874fb6b74b36de/draper_utah_temple.jpeg",
            "address": ["14065 Canyon Vista Ln", "Draper UT 84020-5626", "United States"],
            "phone": "801-576-4240",
            "email": "drapertemple",
            "schedOrd": ["1:00 PM", "2:00 PM", "3:00 PM", "4:00 PM", "5:00 PM", "6:00 PM", "7:00 PM", "8:00 PM" ],
            "schedSess": ["6:00 AM", "7:00 AM", "8:00 AM", "9:00 AM", "10:00 AM", "11:00 AM", "12:00 PM", "1:00 PM" ],
            "schedClosures": ["Monday, 29 August 2022 - Monday, 12 September 2022", "Saturday, 1 October 2022",
                "Wednesday, 23 November 2022 (Limited Operations)", "Thursday, 24 November 2022", "Saturday, 24 December 2022",
                "Saturday, 31 December 2022"],
            "services": ["Clothing Rental", "Distribution Center"],
            "milestones": ["2 October 2004 - Announced", "5 August 2006 - Groundbreaking", "20 March 2009 - Dedicated"]
        },
        {
            "templeName": "Jordan River Utah Temple",
            "location": "South Jordan, Utah, United States",
            "dedicated": "16 November 1981",
            "imageUrl": "https://assets.ldscdn.org/e5/54/e5546a3599c023ba83a4d751fb6fc196b5ab6ada/jordan_river_temple_exterior_images.jpeg",
            "address": ["10200 S Temple Drive", "South Jordan UT 84095-8814", "United States"],
            "phone": "801-254-3003",
            "email": "jordanrivertemple",
            "schedOrd":  ["6:00 AM", "7:00 AM", "8:00 AM", "9:00 AM", "10:00 AM", "11:00 AM", "12:00 PM", "1:00 PM" ],
            "schedSess": ["1:00 PM", "2:00 PM", "3:00 PM", "4:00 PM", "5:00 PM", "6:00 PM", "7:00 PM", "8:00 PM" ],
            "schedClosures": ["Monday, 16 May 2022 - Monday, 30 May 2022", "Saturday, 1 October 2022",
                "Monday, 31 October 2022 - Monday, 14 November 2022", "Wednesday, 23 November 2022 (Limited Operations)",
                "Thursday, 24 November 2022", "Saturday, 24 December 2022", "Saturday, 31 December 2022 (Limited Operations)"],
            "services": ["Clothing Rental", "Distribution Center"],
            "milestones": ["3 February 1978 - Announced", "9 June 1979 - Groundbreaking", "16 November 1981 - Dedicated", "20 May 2018 - Rededicated"]
        },
        {
            "templeName": "Logan Utah Temple",
            "location": "Logan, Utah, United States",
            "dedicated": "17 May 1884",
            "imageUrl": "https://assets.ldscdn.org/07/66/0766f32cfa9c69e9c838361d874aeb819983139a/logan_temple_lds.jpeg",
            "address": ["175 N 300 E","Logan UT 84321-4720", "United States"],
            "phone": "435-752-3611",
            "email": "logantemple",
            "schedOrd": ["1:00 PM", "2:00 PM", "3:00 PM", "4:00 PM", "5:00 PM", "6:00 PM", "7:00 PM", "8:00 PM" ],
            "schedSess": ["6:00 AM", "7:00 AM", "8:00 AM", "9:00 AM", "10:00 AM", "11:00 AM", "12:00 PM", "1:00 PM" ],
            "schedClosures": ["Saturday, 1 October 2022", "Monday, 3 October 2022 - Monday, 17 October 2022",
                "Wednesday, 23 November 2022 (Limited Operations)", "Thursday, 24 November 2022", "Saturday, 24 December 2022",
                "Saturday, 31 December 2022 (Limited Operations)"],
            "services": "Clothing Rental",
            "milestones": ["6 October 1876 - Announced", "18 May 1877 - Groundbreaking", "17 May 1884 - Dedicated", "13 March 1979 - Rededicated"]
        },
        {
            "templeName": "Manti Utah Temple",
            "location": "Manti, Utah, United States",
            "dedicated": "21 May 1888",
            "imageUrl": "https://assets.ldscdn.org/f3/85/f38513cc90a30a2095d0891fb1b1a9419fcfeba5/manti_temple_lds.jpeg",
            "address": ["200 E 510 N", "Manti UT 84642-1701", "United States"],
            "phone": "435-935-2291",
            "email": "mantitemple",
            "schedOrd": ["1:00 PM", "2:00 PM", "3:00 PM", "4:00 PM", "5:00 PM", "6:00 PM", "7:00 PM", "8:00 PM" ],
            "schedSess": ["6:00 AM", "7:00 AM", "8:00 AM", "9:00 AM", "10:00 AM", "11:00 AM", "12:00 PM", "1:00 PM" ],
            "schedClosures": ["No upcoming closures"],
            "services": ["Clothing Rental", "Distribution Center"],
            "milestones": ["25 June 1875 - Announced", "25 April 1877 - Groundbreaking", "21 May 1888 - Dedicated", "14 June 1985 - Rededicated"]
        },
        {
            "templeName": "Monticello Utah Temple",
            "location": "Monticello, Utah, United States",
            "dedicated": "26 July 1998",
            "imageUrl": "https://assets.ldscdn.org/c1/4f/c14f8dc51dab085e74a56355b841ab7887a246b5/monticello_utah_temple.jpeg",
            "address": ["365 N 200 W", "Monticello UT 84535", "United States"],
            "phone": "435-587-3500",
            "email": "monticellotemple",
            "schedOrd": ["1:00 PM", "2:00 PM", "3:00 PM", "4:00 PM", "5:00 PM", "6:00 PM", "7:00 PM", "8:00 PM" ],
            "schedSess": ["6:00 AM", "7:00 AM", "8:00 AM", "9:00 AM", "10:00 AM", "11:00 AM", "12:00 PM", "1:00 PM" ],
            "schedClosures": ["Saturday, 23 July 2022", "Monday, 25 July 2022 - Monday, 28 November 2022", "Saturday, 24 December 2022",
                "Saturday, 31 December 2022"],
            "services": ["No available services"],
            "milestones": ["4 October 1997 - Announced", "17 November 1997 - Groundbreaking", "26 July 1998 - Dedicated", "17 November 2002 - Rededicated"]
        },
        {
            "templeName": "Mount Timpanogos Utah Temple",
            "location": "American Fork, Utah, United States",
            "dedicated": "13 October 1996",
            "imageUrl": "https://assets.ldscdn.org/38/f4/38f4f0d08d11f9aa517fb57f68bbf7f95f1de7ed/mount_timpanogos_utah_temple.jpeg",
            "address": ["742 N 900 E", "American Fork UT 84003-9124","United States"],
            "phone": "801-763-4540",
            "email": "mounttimpanogostemple",
            "schedOrd": ["1:00 PM", "2:00 PM", "3:00 PM", "4:00 PM", "5:00 PM", "6:00 PM", "7:00 PM", "8:00 PM" ],
            "schedSess": ["6:00 AM", "7:00 AM", "8:00 AM", "9:00 AM", "10:00 AM", "11:00 AM", "12:00 PM", "1:00 PM" ],
            "schedClosures": ["Monday, 9 May 2022 - Monday, 23 May 2022", "Saturday, 1 October 2022",
                "Monday, 7 November 2022 - Tuesday, 22 November 2022", "Wednesday, 23 November 2022 - Thursday, 24 November 2022",
                "Saturday, 24 December 2022", "Saturday, 31 December 2022"],
            "services": ["Clothing Rental", "Distribution Center"],
            "milestones": ["3 October 1992 - Announced", "9 October 1993 - Groundbreaking", "13 October 1996 - Dedicated"]
        },
        {
            "templeName": "Ogden Utah Temple",
            "location": "Ogden, Utah, United States",
            "dedicated": "18 January 1972",
            "imageUrl": "https://assets.ldscdn.org/0f/02/0f025531c7bdeb20c986e0c53c2ab063b9e12deb/ogden_utah_temple.jpeg",
            "address": ["350 22nd St", "Ogden UT 84401-1487", "United States"],
            "phone": "801-621-6880",
            "email": "ogdentemple",
            "schedOrd": ["1:00 PM", "2:00 PM", "3:00 PM", "4:00 PM", "5:00 PM", "6:00 PM", "7:00 PM", "8:00 PM" ],
            "schedSess": ["6:00 AM", "7:00 AM", "8:00 AM", "9:00 AM", "10:00 AM", "11:00 AM", "12:00 PM", "1:00 PM" ],
            "schedClosures": ["Monday, 21 March 2022 - Monday, 4 April 2022", "Saturday, 21 May 2022 (Limited Operations)",
                "Monday, 29 August 2022 - Monday, 12 September 2022", "Saturday, 1 October 2022", 
                "Wednesday, 23 November 2022 (Limited Operations)", "Thursday, 24 November 2022", "Saturday, 24 December 2022",
                "Saturday, 31 December 2022 (Limited Operations)"],
            "services": ["Clothing", "Distribution Center"],
            "milestones": ["24 August 1967 - Announced", "8 September 1969 - Groundbreaking", "18 January 1972 - Dedicated","21 September 2014 - Rededicated"]
        },
        {
            "templeName": "Oquirrh Mountain Utah Temple",
            "location": "South Jordan, Utah, United States",
            "dedicated": "21 August 2009",
            "imageUrl": "https://assets.ldscdn.org/12/79/1279ca967a843a350968560551d6cf5aac5e12da/oquirrh_mountain_utah_temple.jpeg",
            "address": ["11022 S 4000 W", "South Jordan UT 84009-5797", "United States"],
            "phone": "801-878-3800",
            "email": "oquirrhmountaintemple",
            "schedOrd": ["1:00 PM", "2:00 PM", "3:00 PM", "4:00 PM", "5:00 PM", "6:00 PM", "7:00 PM", "8:00 PM" ],
            "schedSess": ["6:00 AM", "7:00 AM", "8:00 AM", "9:00 AM", "10:00 AM", "11:00 AM", "12:00 PM", "1:00 PM" ],
            "schedClosures": ["Monday, 14 March 2022 - Monday, 9 May 2022", "Saturday, 23 July 2022", 
                "Monday, 12 September 2022 - Monday, 26 September 2022", "Saturday, 1 October 2022", 
                "Wednesday, 23 November 2022 (Limited Operations)", "Thursday, 24 November 2022", "Saturday, 24 December 2022",
                "Saturday, 31 December 2022"],
            "services": ["Distribution Center"],
            "milestones": ["1 October 2005 - Announced", "16 December 2006 - Groundbreaking", "21 August 2009 - Dedicated"]
        },
        {
            "templeName": "Payson Utah Temple",
            "location": "Payson, Utah, United States",
            "dedicated": "7 June 2015",
            "imageUrl": "https://assets.ldscdn.org/c8/b5/c8b5e860a7edbbef90734c83be366e8d359d2c0b/payson_utah_temple.jpg",
            "address": ["1494 S 930 W", "Payson UT 84651", "United States"],
            "phone": "801-754-4949",
            "email": "paysontemple",
            "schedOrd": ["1:00 PM", "2:00 PM", "3:00 PM", "4:00 PM", "5:00 PM", "6:00 PM", "7:00 PM", "8:00 PM" ],
            "schedSess": ["6:00 AM", "7:00 AM", "8:00 AM", "9:00 AM", "10:00 AM", "11:00 AM", "12:00 PM", "1:00 PM" ],
            "schedClosures": ["Monday, 4 April 2022 - Monday, 11 April 2022", "Saturday, 1 October 2022",
                "Monday, 10 October 2022 - Monday, 17 October 2022", "Wednesday, 23 November 2022 (Limited Operations)",
                "Thursday, 24 November 2022", "Friday, 23 December 2022 (Limited Operations)", "Saturday, 24 December 2022",
                "Saturday, 31 December 2022 (Limited Operations)"],
            "services": ["Clothing Rental", "Distribution Center"],
            "milestones": ["25 January 2010 - Announced", "8 October 2011 - Groundbreaking", "7 June 2015 - Dedicated"]
        },
        {
            "templeName": "Provo City Center Temple",
            "location": "Provo, Utah, United States",
            "dedicated": "20 March 2016",
            "imageUrl": "https://assets.ldscdn.org/57/18/5718c8b9c5a103646c0bd22554cb268b88986f05/provo_city_center_temple_exterior.jpg",
            "address": ["50 South University Ave", "Provo UT 84601", "United States"],
            "phone": "801-343-2700",
            "email": "provocitytemple",
            "schedOrd": ["1:00 PM", "2:00 PM", "3:00 PM", "4:00 PM", "5:00 PM", "6:00 PM", "7:00 PM", "8:00 PM" ],
            "schedSess": ["6:00 AM", "7:00 AM", "8:00 AM", "9:00 AM", "10:00 AM", "11:00 AM", "12:00 PM", "1:00 PM" ],
            "schedClosures": ["Monday, 20 June 2022 - Monday, 4 July 2022", "Saturday, 1 October 2022", 
                "Wednesday, 23 November 2022 (Limited Operations)", "Thursday, 24 November 2022", 
                "Monday, 28 November 2022 - Monday, 12 December 2022", "Saturday, 24 December 2022", "Saturday, 31 December 2022"],
            "services": ["Clothing rental", "Distribution Center"],
            "milestones": ["1 October 2011 - Announced", "12 May 2012 - Groundbreaking", "20 March 2016 - Dedicated"]
        },
        {
            "templeName": "Provo Utah Temple",
            "location": "Provo, Utah, United States",
            "dedicated": "9 February 1972",
            "imageUrl": "https://assets.ldscdn.org/77/eb/77eb82391ad1795a117b25ee3deaf2a4d229311a/provo_temple_lds.jpg",
            "address": ["2200 Temple Hill Dr", "Provo UT 84604-1775", "United States"],
            "phone": "801-375-5775",
            "email": "provotemple",
            "schedOrd": ["1:00 PM", "2:00 PM", "3:00 PM", "4:00 PM", "5:00 PM", "6:00 PM", "7:00 PM", "8:00 PM" ],
            "schedSess": ["6:00 AM", "7:00 AM", "8:00 AM", "9:00 AM", "10:00 AM", "11:00 AM", "12:00 PM", "1:00 PM" ],
            "schedClosures": ["Monday, 30 May 2022", "Monday, 4 July 2022 - Monday, 18 July 2022", "Monday, 25 July 2022",
                "Monday, 5 September 2022", "Saturday, 1 October 2022", "Wednesday, 23 November 2022 (Limited Operations)",
                "Thursday, 24 November 2022", "Monday, 19 December 2022 - Monday, 2 January 2023"],
            "services": ["Clothing Rental", "Distribution Center"],
            "milestones": ["14 August 1967 - Announced", "15 June 1969 - Groundbreaking", "9 February 1972 - Dedicated"]
        },
        {
            "templeName": "Salt Lake Temple",
            "location": "Salt Lake City, Utah, United States",
            "dedicated": "Renovation",
            "imageUrl": "https://assets.ldscdn.org/cc/dc/ccdce513b921520a0740a60b5f349759a269eceb142197/salt_lake_temple_lds.jpeg",
            "address": ["50 W North Temple St", "Salt Lake City UT 84150-9709", "United States"],
            "phone": "801-240-2640",
            "email": "saltlaketemple",
            "schedOrd": ["Currently closed"],
            "schedSess": ["Currently closed" ],
            "schedClosures": ["Closed for renovations"],
            "services": ["Clothing Rentals", "Distribution Center"],
            "milestones": ["28 July 1847 - Announced", "14 February 1853 - Groundbreaking", "6 April 1893 - Dedicated"]
        },
        {
            "templeName": "St. George Utah Temple",
            "location": "St. George, Utah, United States",
            "dedicated": "Renovation",
            "imageUrl": "https://assets.ldscdn.org/2a/d5/2ad54a2218bcb5b9437bbb53a33141934dc2fd7b1073956/st_george_temple_lds.jpeg",
            "address": ["250 E 400 S", "St George UT 84770-3699", "United States"],
            "phone": "435-673-5181",
            "email": "stgeorgetemple",
            "schedOrd": ["Currently closed" ],
            "schedSess": ["Currently closed" ],
            "schedClosures": ["Closed for renovations"],
            "services": ["No available services"],
            "milestones": ["9 November 1871 - Announced", "9 November 1871 - Groundbreaking", "6 April 1877 - Dedicated", "11 November 1975 - Rededicated"]
        },
        {
            "templeName": "Vernal Utah Temple",
            "location": "Vernal, Utah, United States",
            "dedicated": "2 November 1997",
            "imageUrl": "https://assets.ldscdn.org/41/0a/410a29915aac112f15a293d963abfadee117776f1068523/vernal_temple_lds.jpeg",
            "address": ["420 W 200 S", "Vernal UT 84078-2536", "United States"],
            "phone": "435-789-3220",
            "email": "vernaltemple",
            "schedOrd": ["6:00 AM", "7:00 AM", "8:00 AM", "9:00 AM", "10:00 AM", "11:00 AM", "12:00 PM", "1:00 PM" ],
            "schedSess": ["1:00 PM", "2:00 PM", "3:00 PM", "4:00 PM", "5:00 PM", "6:00 PM", "7:00 PM", "8:00 PM" ],
            "schedClosures": ["Monday, 25 April 2022 - Monday, 9 May 2022", "Monday, 19 September 2022 - Monday, 3 October 2022",
                "Wednesday, 23 November 2022 - Thursday, 24 November 2022", "Saturday, 24 December 2022", "Saturday, 31 December 2022"],
            "services": ["Clothing Rental", "Distribution Center"],
            "milestones": ["13 February 1994 - Announced", "13 May 1995 - Groundbreaking", "2 November 1997 - Dedicated"]
        }
    ]
}